"Experiment","Worm.Age","Name","WITS.number","DNA","Proportion"
"Exp2",3,"1","2.WITS19",2460594.223,0.999972239647922
"Exp2",3,"1","3.WITS17",0,0
"Exp2",3,"1","4.WITS11",0,0
"Exp2",3,"1","5.WITS13",0,0
"Exp2",3,"1","6.WITS20",0.034041667,1.38343501228885e-08
"Exp2",3,"1","7.WITS21",0.058798923,2.38955656205309e-08
"Exp2",3,"1","8.WITS2",17.27706631,7.0213066953772e-06
"Exp2",3,"1","9.WITS1",50.93895133,2.07013154670715e-05
"Exp2",3,"2","2.WITS19",2443486.815,0.999987119782402
"Exp2",3,"2","3.WITS17",0,0
"Exp2",3,"2","4.WITS11",0,0
"Exp2",3,"2","5.WITS13",0,0
"Exp2",3,"2","6.WITS20",0.072382454,2.96222272426063e-08
"Exp2",3,"2","7.WITS21",0,0
"Exp2",3,"2","8.WITS2",14.73126357,6.02871017665783e-06
"Exp2",3,"2","9.WITS1",16.66940123,6.82188519379628e-06
"Exp2",3,"3","2.WITS19",457941.4975,0.999871468164951
"Exp2",3,"3","3.WITS17",0,0
"Exp2",3,"3","4.WITS11",0,0
"Exp2",3,"3","5.WITS13",0,0
"Exp2",3,"3","6.WITS20",0.027090833,5.91502432371757e-08
"Exp2",3,"3","7.WITS21",0,0
"Exp2",3,"3","8.WITS2",16.80467045,3.6691390945346e-05
"Exp2",3,"3","9.WITS1",42.0358661,9.17812938605598e-05
"Exp2",3,"4","2.WITS19",1072679.547,0.999965059017895
"Exp2",3,"4","3.WITS17",2.818478621,2.62742041504492e-06
"Exp2",3,"4","4.WITS11",0,0
"Exp2",3,"4","5.WITS13",0,0
"Exp2",3,"4","6.WITS20",0.017517115,1.63296699221937e-08
"Exp2",3,"4","7.WITS21",0,0
"Exp2",3,"4","8.WITS2",14.73126357,1.37326649756502e-05
"Exp2",3,"4","9.WITS1",19.9145272,1.85645670438624e-05
"Exp2",4,"5","2.WITS19",0,0
"Exp2",4,"5","3.WITS17",3193566.947,0.999987363327822
"Exp2",4,"5","4.WITS11",0,0
"Exp2",4,"5","5.WITS13",0,0
"Exp2",4,"5","6.WITS20",0,0
"Exp2",4,"5","7.WITS21",0,0
"Exp2",4,"5","8.WITS2",11.32035379,3.54469185279936e-06
"Exp2",4,"5","9.WITS1",29.03621477,9.09198032505585e-06
"Exp2",4,"6","2.WITS19",13.4254855,6.94193518916089e-05
"Exp2",4,"6","3.WITS17",193350.9056,0.999762321772844
"Exp2",4,"6","4.WITS11",0,0
"Exp2",4,"6","5.WITS13",0,0
"Exp2",4,"6","6.WITS20",0,0
"Exp2",4,"6","7.WITS21",0,0
"Exp2",4,"6","8.WITS2",8.579460913,4.43619425278774e-05
"Exp2",4,"6","9.WITS1",23.96127922,0.000123896932736345
"Exp2",4,"7","2.WITS19",0,0
"Exp2",4,"7","3.WITS17",1733275.47,0.999996376395123
"Exp2",4,"7","4.WITS11",0,0
"Exp2",4,"7","5.WITS13",0,0
"Exp2",4,"7","6.WITS20",0,0
"Exp2",4,"7","7.WITS21",0,0
"Exp2",4,"7","8.WITS2",6.280728206,3.62360487748819e-06
"Exp2",4,"7","9.WITS1",0,0
"Exp2",4,"8","2.WITS19",0,0
"Exp2",4,"8","3.WITS17",1385323.383,0.999992277553008
"Exp2",4,"8","4.WITS11",0,0
"Exp2",4,"8","5.WITS13",0,0
"Exp2",4,"8","6.WITS20",0.069920536,5.04719669792559e-08
"Exp2",4,"8","7.WITS21",0.211312372,1.52535316117889e-07
"Exp2",4,"8","8.WITS2",10.4169361,7.51943970887493e-06
"Exp2",4,"8","9.WITS1",0,0
"Exp2",5,"10","2.WITS19",0,0
"Exp2",5,"10","3.WITS17",0.611636874,3.13784120218652e-06
"Exp2",5,"10","4.WITS11",194840.843,0.999579408997755
"Exp2",5,"10","5.WITS13",0,0
"Exp2",5,"10","6.WITS20",1.279391044,6.56357734830033e-06
"Exp2",5,"10","7.WITS21",0,0
"Exp2",5,"10","8.WITS2",26.5515574,0.000136215742270536
"Exp2",5,"10","9.WITS1",53.54020134,0.000274673841423782
"Exp2",5,"11","2.WITS19",0,0
"Exp2",5,"11","3.WITS17",2.742955832,1.12338311841614e-05
"Exp2",5,"11","4.WITS11",244118.1106,0.999790667966115
"Exp2",5,"11","5.WITS13",0,0
"Exp2",5,"11","6.WITS20",0.622887159,2.55104697981439e-06
"Exp2",5,"11","7.WITS21",0,0
"Exp2",5,"11","8.WITS2",12.56058885,5.14421461214981e-05
"Exp2",5,"11","9.WITS1",35.18600823,0.000144105009599124
"Exp2",5,"12","2.WITS19",0,0
"Exp2",5,"12","3.WITS17",2.742955832,1.62019710821737e-05
"Exp2",5,"12","4.WITS11",169231.0309,0.999606423428637
"Exp2",5,"12","5.WITS13",0,0
"Exp2",5,"12","6.WITS20",0.368108082,2.17432465740061e-06
"Exp2",5,"12","7.WITS21",0,0
"Exp2",5,"12","8.WITS2",25.47006187,0.000150445443220288
"Exp2",5,"12","9.WITS1",38.05046776,0.000224754832403259
"Exp2",5,"9","2.WITS19",0,0
"Exp2",5,"9","3.WITS17",2.70595674,2.3380094617157e-05
"Exp2",5,"9","4.WITS11",115675.131,0.999459994187501
"Exp2",5,"9","5.WITS13",0,0
"Exp2",5,"9","6.WITS20",0.271471396,2.3455759031579e-06
"Exp2",5,"9","7.WITS21",0,0
"Exp2",5,"9","8.WITS2",8.943757185,7.72761390184596e-05
"Exp2",5,"9","9.WITS1",50.5778076,0.000437004002959915
"Exp2",6,"13","2.WITS19",0,0
"Exp2",6,"13","3.WITS17",0,0
"Exp2",6,"13","4.WITS11",0,0
"Exp2",6,"13","5.WITS13",145834.407,0.999553100036656
"Exp2",6,"13","6.WITS20",0.116688311,7.99784943741646e-07
"Exp2",6,"13","7.WITS21",0,0
"Exp2",6,"13","8.WITS2",12.30212116,8.43190821388572e-05
"Exp2",6,"13","9.WITS1",52.78372068,0.000361781096261892
"Exp2",6,"14","2.WITS19",0,0
"Exp2",6,"14","3.WITS17",0,0
"Exp2",6,"14","4.WITS11",0,0
"Exp2",6,"14","5.WITS13",86580.48215,0.999402509351462
"Exp2",6,"14","6.WITS20",0.162667755,1.87768141849703e-06
"Exp2",6,"14","7.WITS21",0,0
"Exp2",6,"14","8.WITS2",13.00349216,0.000150099911346313
"Exp2",6,"14","9.WITS1",38.5957958,0.00044551305577289
"Exp2",6,"15","2.WITS19",0,0
"Exp2",6,"15","3.WITS17",0,0
"Exp2",6,"15","4.WITS11",0,0
"Exp2",6,"15","5.WITS13",99682.74757,0.99964555615687
"Exp2",6,"15","6.WITS20",0,0
"Exp2",6,"15","7.WITS21",0,0
"Exp2",6,"15","8.WITS2",15.57112532,0.000156151456595527
"Exp2",6,"15","9.WITS1",19.77333845,0.000198292386534067
"Exp2",6,"16","2.WITS19",0,0
"Exp2",6,"16","3.WITS17",0,0
"Exp2",6,"16","4.WITS11",0,0
"Exp2",6,"16","5.WITS13",80123.51621,0.999374585445635
"Exp2",6,"16","6.WITS20",5.397481509,6.73223805027435e-05
"Exp2",6,"16","7.WITS21",0,0
"Exp2",6,"16","8.WITS2",16.92154449,0.000211061150455139
"Exp2",6,"16","9.WITS1",27.82274658,0.000347031023407285
"Exp2",7,"18","2.WITS19",0,0
"Exp2",7,"18","3.WITS17",0,0
"Exp2",7,"18","4.WITS11",0,0
"Exp2",7,"18","5.WITS13",193312.5279,0.105491088766897
"Exp2",7,"18","6.WITS20",1639108.697,0.894465366172574
"Exp2",7,"18","7.WITS21",0,0
"Exp2",7,"18","8.WITS2",10.13211242,5.52911692949e-06
"Exp2",7,"18","9.WITS1",69.66425547,3.80159435992019e-05
"Exp2",7,"19","2.WITS19",0,0
"Exp2",7,"19","3.WITS17",0,0
"Exp2",7,"19","4.WITS11",0,0
"Exp2",7,"19","5.WITS13",0,0
"Exp2",7,"19","6.WITS20",4289449.537,0.999956448255967
"Exp2",7,"19","7.WITS21",0,0
"Exp2",7,"19","8.WITS2",2.175103864,5.07060198673989e-07
"Exp2",7,"19","9.WITS1",184.6460408,4.30446838341939e-05
"Exp2",7,"20","2.WITS19",0,0
"Exp2",7,"20","3.WITS17",0,0
"Exp2",7,"20","4.WITS11",0,0
"Exp2",7,"20","5.WITS13",119.2120071,1.57558144019392e-05
"Exp2",7,"20","6.WITS20",7566061.25,0.999978607093716
"Exp2",7,"20","7.WITS21",0,0
"Exp2",7,"20","8.WITS2",10.34498821,1.36725920645127e-06
"Exp2",7,"20","9.WITS1",32.30650668,4.26983267547963e-06
"Exp2",7,"21","2.WITS19",0,0
"Exp2",7,"21","3.WITS17",0,0
"Exp2",7,"21","4.WITS11",0,0
"Exp2",7,"21","5.WITS13",0,0
"Exp2",7,"21","6.WITS20",3813330.776,0.999990175335038
"Exp2",7,"21","7.WITS21",0,0
"Exp2",7,"21","8.WITS2",4.927878597,1.29226402630953e-06
"Exp2",7,"21","9.WITS1",32.53718675,8.53240093616294e-06
"Exp2",8,"22","2.WITS19",0,0
"Exp2",8,"22","3.WITS17",0,0
"Exp2",8,"22","4.WITS11",0,0
"Exp2",8,"22","5.WITS13",0,0
"Exp2",8,"22","6.WITS20",1540126.371,0.999982630589716
"Exp2",8,"22","7.WITS21",0.391013896,2.53879883937922e-07
"Exp2",8,"22","8.WITS2",15.78846832,1.02512328734198e-05
"Exp2",8,"22","9.WITS1",10.57206927,6.86429752678477e-06
"Exp2",8,"23","2.WITS19",0,0
"Exp2",8,"23","3.WITS17",0,0
"Exp2",8,"23","4.WITS11",0,0
"Exp2",8,"23","5.WITS13",0,0
"Exp2",8,"23","6.WITS20",749829.3378,0.999961038759841
"Exp2",8,"23","7.WITS21",1.985628044,2.64800346075351e-06
"Exp2",8,"23","8.WITS2",7.315263933,9.75552509415974e-06
"Exp2",8,"23","9.WITS1",19.9145272,2.65577116037498e-05
"Exp2",8,"24","2.WITS19",0,0
"Exp2",8,"24","3.WITS17",0,0
"Exp2",8,"24","4.WITS11",0,0
"Exp2",8,"24","5.WITS13",0,0
"Exp2",8,"24","6.WITS20",413.7822593,0.00122207026458453
"Exp2",8,"24","7.WITS21",338165.3682,0.998742289455853
"Exp2",8,"24","8.WITS2",7.164732824,2.1160421311236e-05
"Exp2",8,"24","9.WITS1",4.902752841,1.44798582513646e-05
"Exp2",8,"25","2.WITS19",0,0
"Exp2",8,"25","3.WITS17",0,0
"Exp2",8,"25","4.WITS11",0,0
"Exp2",8,"25","5.WITS13",1.388033667,3.26688425479575e-06
"Exp2",8,"25","6.WITS20",0.190736067,4.48917536309274e-07
"Exp2",8,"25","7.WITS21",424842.7665,0.999912449992985
"Exp2",8,"25","8.WITS2",13.46201283,3.16842730819622e-05
"Exp2",8,"25","9.WITS1",22.15746133,5.21499321422602e-05
"Exp2",9,"26","2.WITS19",285.1477834,1.54434426204083e-08
"Exp2",9,"26","3.WITS17",311.6446584,1.68784983792272e-08
"Exp2",9,"26","4.WITS11",0,0
"Exp2",9,"26","5.WITS13",3.302022285,1.78835658764959e-10
"Exp2",9,"26","6.WITS20",18463157794,0.999954180191544
"Exp2",9,"26","7.WITS21",0,0
"Exp2",9,"26","8.WITS2",845376.1671,4.57850949202558e-05
"Exp2",9,"26","9.WITS1",40.8563909,2.21275901575576e-09
"Exp2",9,"27","2.WITS19",171.3483789,0.000388489455191688
"Exp2",9,"27","3.WITS17",131.5645538,0.000298289614155781
"Exp2",9,"27","4.WITS11",0,0
"Exp2",9,"27","5.WITS13",3.099131469,7.02650298583727e-06
"Exp2",9,"27","6.WITS20",0.662919472,1.50300356598962e-06
"Exp2",9,"27","7.WITS21",0,0
"Exp2",9,"27","8.WITS2",440666.4633,0.999100635487045
"Exp2",9,"27","9.WITS1",90.0015523,0.000204055937055808
"Exp2",9,"28","2.WITS19",255.0292537,0.000283224159260092
"Exp2",9,"28","3.WITS17",307.4409562,0.000341430267620565
"Exp2",9,"28","4.WITS11",0,0
"Exp2",9,"28","5.WITS13",4.225518427,4.69267304264986e-06
"Exp2",9,"28","6.WITS20",0.649297369,7.2108081240413e-07
"Exp2",9,"28","7.WITS21",0,0
"Exp2",9,"28","8.WITS2",899787.592,0.999264125819237
"Exp2",9,"28","9.WITS1",95.27303495,0.000105806000027012
"Exp2",9,"29","2.WITS19",234.5470635,1.27028680988254e-08
"Exp2",9,"29","3.WITS17",295.1670172,1.59859928777804e-08
"Exp2",9,"29","4.WITS11",0,0
"Exp2",9,"29","5.WITS13",1.974240241,1.0692316076179e-10
"Exp2",9,"29","6.WITS20",18463157794,0.999948814728952
"Exp2",9,"29","7.WITS21",0.375123416,2.03163629640957e-11
"Exp2",9,"29","8.WITS2",944517.4806,5.11542578877635e-05
"Exp2",9,"29","9.WITS1",40.56672986,2.19705934886821e-09
"Exp2",10,"30","2.WITS19",70.89000386,0.000118041616920701
"Exp2",10,"30","3.WITS17",28.94115004,4.81909995803211e-05
"Exp2",10,"30","4.WITS11",0,0
"Exp2",10,"30","5.WITS13",1.632224904,2.71787919812926e-06
"Exp2",10,"30","6.WITS20",566.9329652,0.000944021445252264
"Exp2",10,"30","7.WITS21",5.621469498,9.36052070648489e-06
"Exp2",10,"30","8.WITS2",599867.0399,0.99886121415752
"Exp2",10,"30","9.WITS1",9.881093299,1.64533808216704e-05
"Exp2",10,"31","2.WITS19",242.8734265,9.59281309110563e-05
"Exp2",10,"31","3.WITS17",66.94453602,2.64411974074343e-05
"Exp2",10,"31","4.WITS11",0,0
"Exp2",10,"31","5.WITS13",1.531933806,6.05070504446647e-07
"Exp2",10,"31","6.WITS20",1075.37507,0.000424742722907343
"Exp2",10,"31","7.WITS21",0,0
"Exp2",10,"31","8.WITS2",2492355.566,0.984409922722228
"Exp2",10,"31","9.WITS1",38084.65274,0.0150423601560414
"Exp2",10,"32","2.WITS19",31.44778053,0.000139744368988157
"Exp2",10,"32","3.WITS17",14.47836629,6.43374548879636e-05
"Exp2",10,"32","4.WITS11",0,0
"Exp2",10,"32","5.WITS13",2.088718917,9.2816313943473e-06
"Exp2",10,"32","6.WITS20",0.64929737,2.88527996975054e-06
"Exp2",10,"32","7.WITS21",0,0
"Exp2",10,"32","8.WITS2",224977.9732,0.999733665499112
"Exp2",10,"32","9.WITS1",11.27119595,5.00857656479779e-05
"Exp2",10,"33","2.WITS19",28.92211176,4.62462499401728e-05
"Exp2",10,"33","3.WITS17",13.90034771,2.2226556614757e-05
"Exp2",10,"33","4.WITS11",0,0
"Exp2",10,"33","5.WITS13",2.808018728,4.49000187155677e-06
"Exp2",10,"33","6.WITS20",0,0
"Exp2",10,"33","7.WITS21",0,0
"Exp2",10,"33","8.WITS2",625338.2587,0.999911405120462
"Exp2",10,"33","9.WITS1",9.77619825,1.56320711117458e-05
"Exp3",3,"34","2.WITS19",4441481.7135,0.99999435197171
"Exp3",3,"34","3.WITS17",0,0
"Exp3",3,"34","4.WITS11",0.12373782,2.7859423747978e-08
"Exp3",3,"34","5.WITS13",0,0
"Exp3",3,"34","6.WITS20",2.164897464,4.87424102190414e-07
"Exp3",3,"34","7.WITS21",0,0
"Exp3",3,"34","8.WITS2",0,0
"Exp3",3,"34","9.WITS1",22.79712077,5.13274476441609e-06
"Exp3",3,"35","2.WITS19",1295030.509,0.99997859551628
"Exp3",3,"35","3.WITS17",0,0
"Exp3",3,"35","4.WITS11",0.0508709685,3.92808349144328e-08
"Exp3",3,"35","5.WITS13",0.048170372,3.71955259766446e-08
"Exp3",3,"35","6.WITS20",1.333636804,1.02978906591361e-06
"Exp3",3,"35","7.WITS21",0,0
"Exp3",3,"35","8.WITS2",0.559139276,4.31748367337089e-07
"Exp3",3,"35","9.WITS1",25.72823536,1.98664699260804e-05
"Exp3",3,"36","2.WITS19",497931.9571,0.999975852255067
"Exp3",3,"36","3.WITS17",0,0
"Exp3",3,"36","4.WITS11",0,0
"Exp3",3,"36","5.WITS13",0,0
"Exp3",3,"36","6.WITS20",0.45936521,9.22523872621868e-07
"Exp3",3,"36","7.WITS21",0,0
"Exp3",3,"36","8.WITS2",1.506433622,3.02530742111538e-06
"Exp3",3,"36","9.WITS1",10.05842542,2.01999136393821e-05
"Exp3",3,"37","2.WITS19",484228.1132,0.999966225104878
"Exp3",3,"37","3.WITS17",0.791689722,1.63489677939391e-06
"Exp3",3,"37","4.WITS11",1.438997369,2.97163408688841e-06
"Exp3",3,"37","5.WITS13",0,0
"Exp3",3,"37","6.WITS20",0.425691797,8.79084480434504e-07
"Exp3",3,"37","7.WITS21",0,0
"Exp3",3,"37","8.WITS2",0.423760039,8.75095259853504e-07
"Exp3",3,"37","9.WITS1",13.27516721,2.74141845150096e-05
"Exp3",4,"38","2.WITS19",0,0
"Exp3",4,"38","3.WITS17",2067955.288,0.9999762289409
"Exp3",4,"38","4.WITS11",0,0
"Exp3",4,"38","5.WITS13",0,0
"Exp3",4,"38","6.WITS20",0,0
"Exp3",4,"38","7.WITS21",0,0
"Exp3",4,"38","8.WITS2",0,0
"Exp3",4,"38","9.WITS1",49.15865592,2.37710590997482e-05
"Exp3",4,"39","2.WITS19",0,0
"Exp3",4,"39","3.WITS17",1130008.455,0.999973364293421
"Exp3",4,"39","4.WITS11",0,0
"Exp3",4,"39","5.WITS13",0.011605397,1.02699124335762e-08
"Exp3",4,"39","6.WITS20",0,0
"Exp3",4,"39","7.WITS21",0,0
"Exp3",4,"39","8.WITS2",0,0
"Exp3",4,"39","9.WITS1",30.08776996,2.66254366663015e-05
"Exp3",4,"40","2.WITS19",0,0
"Exp3",4,"40","3.WITS17",1209404.33,0.999967399495393
"Exp3",4,"40","4.WITS11",0,0
"Exp3",4,"40","5.WITS13",0,0
"Exp3",4,"40","6.WITS20",0,0
"Exp3",4,"40","7.WITS21",0,0
"Exp3",4,"40","8.WITS2",0,0
"Exp3",4,"40","9.WITS1",39.42847682,3.26005046068917e-05
"Exp3",4,"41","2.WITS19",0,0
"Exp3",4,"41","3.WITS17",993232.7327,0.999971788464536
"Exp3",4,"41","4.WITS11",0,0
"Exp3",4,"41","5.WITS13",0,0
"Exp3",4,"41","6.WITS20",0,0
"Exp3",4,"41","7.WITS21",0,0
"Exp3",4,"41","8.WITS2",0,0
"Exp3",4,"41","9.WITS1",28.02141099,2.82115354644011e-05
"Exp3",5,"42","2.WITS19",0,0
"Exp3",5,"42","3.WITS17",2.378428981,6.21366515328359e-05
"Exp3",5,"42","4.WITS11",38266.61086,0.999718336492325
"Exp3",5,"42","5.WITS13",0,0
"Exp3",5,"42","6.WITS20",0,0
"Exp3",5,"42","7.WITS21",0,0
"Exp3",5,"42","8.WITS2",8.402915572,0.000219526856142527
"Exp3",5,"42","9.WITS1",0,0
"Exp3",5,"43","2.WITS19",1.324250056,1.34581790693872e-05
"Exp3",5,"43","3.WITS17",2.494210288,2.53483309594905e-05
"Exp3",5,"43","4.WITS11",98369.39492,0.999715216761622
"Exp3",5,"43","5.WITS13",0,0
"Exp3",5,"43","6.WITS20",0,0
"Exp3",5,"43","7.WITS21",0,0
"Exp3",5,"43","8.WITS2",17.64005764,0.000179273584651019
"Exp3",5,"43","9.WITS1",6.563417036,6.67031436980772e-05
"Exp3",5,"44","2.WITS19",0,0
"Exp3",5,"44","3.WITS17",2.02075939,1.08126752387715e-05
"Exp3",5,"44","4.WITS11",186775.5397,0.999398178385985
"Exp3",5,"44","5.WITS13",0,0
"Exp3",5,"44","6.WITS20",0.094810411,5.07311354568269e-07
"Exp3",5,"44","7.WITS21",0,0
"Exp3",5,"44","8.WITS2",48.18923145,0.00025785084174462
"Exp3",5,"44","9.WITS1",62.16844434,0.000332650785677192
"Exp3",5,"45","2.WITS19",0,0
"Exp3",5,"45","3.WITS17",2.975819695,1.23580292536741e-05
"Exp3",5,"45","4.WITS11",240702.1669,0.999591616713505
"Exp3",5,"45","5.WITS13",0.168834035,7.01136546361164e-07
"Exp3",5,"45","6.WITS20",0.833008119,3.45932877601646e-06
"Exp3",5,"45","7.WITS21",0,0
"Exp3",5,"45","8.WITS2",41.95174208,0.000174217832060968
"Exp3",5,"45","9.WITS1",52.40949802,0.000217646959857739
"Exp3",6,"46","2.WITS19",0,0
"Exp3",6,"46","3.WITS17",0,0
"Exp3",6,"46","4.WITS11",5.806841875,9.93562088867945e-05
"Exp3",6,"46","5.WITS13",58352.57158,0.998423999789749
"Exp3",6,"46","6.WITS20",0.111942007,1.91534980116864e-06
"Exp3",6,"46","7.WITS21",0,0
"Exp3",6,"46","8.WITS2",37.03138881,0.000633614360641509
"Exp3",6,"46","9.WITS1",49.15865592,0.0008411142909211
"Exp3",6,"47","2.WITS19",0.614709606,1.48464782923682e-05
"Exp3",6,"47","3.WITS17",10.0340093,0.000242341586667625
"Exp3",6,"47","4.WITS11",0,0
"Exp3",6,"47","5.WITS13",41316.1647,0.997868808873728
"Exp3",6,"47","6.WITS20",0.097471774,2.35414017071602e-06
"Exp3",6,"47","7.WITS21",0,0
"Exp3",6,"47","8.WITS2",34.55174613,0.000834494440749737
"Exp3",6,"47","9.WITS1",42.94276457,0.00103715448039181
"Exp3",6,"48","2.WITS19",2.832957113,4.00858791982949e-05
"Exp3",6,"48","3.WITS17",0,0
"Exp3",6,"48","4.WITS11",0.320833715,4.53974452462181e-06
"Exp3",6,"48","5.WITS13",70579.73119,0.99869163756397
"Exp3",6,"48","6.WITS20",0.05681113,8.03868185596012e-07
"Exp3",6,"48","7.WITS21",0.018529678,2.62191909112499e-07
"Exp3",6,"48","8.WITS2",29.66538575,0.000419760350090876
"Exp3",6,"48","9.WITS1",59.57032918,0.000842910402121623
"Exp3",6,"49","2.WITS19",0,0
"Exp3",6,"49","3.WITS17",0,0
"Exp3",6,"49","4.WITS11",2.046727383,2.68048262169975e-05
"Exp3",6,"49","5.WITS13",76267.58592,0.998833261115129
"Exp3",6,"49","6.WITS20",0,0
"Exp3",6,"49","7.WITS21",0,0
"Exp3",6,"49","8.WITS2",26.18605043,0.000342943831658152
"Exp3",6,"49","9.WITS1",60.85552312,0.000796990226995987
"Exp3",7,"50","2.WITS19",0,0
"Exp3",7,"50","3.WITS17",0,0
"Exp3",7,"50","4.WITS11",0.119640991,2.46731388152157e-07
"Exp3",7,"50","5.WITS13",0.077778578,1.60400013056067e-07
"Exp3",7,"50","6.WITS20",484844.6911,0.99987807417365
"Exp3",7,"50","7.WITS21",0,0
"Exp3",7,"50","8.WITS2",18.64575614,3.84524840283947e-05
"Exp3",7,"50","9.WITS1",40.27912244,8.30662109207363e-05
"Exp3",7,"51","2.WITS19",0.921318942,2.00731214640931e-06
"Exp3",7,"51","3.WITS17",3.673035065,8.00257930674546e-06
"Exp3",7,"51","4.WITS11",0,0
"Exp3",7,"51","5.WITS13",158.02289,0.000344290399391032
"Exp3",7,"51","6.WITS20",458729.8044,0.99945183618301
"Exp3",7,"51","7.WITS21",0,0
"Exp3",7,"51","8.WITS2",25.47006187,5.54925794214787e-05
"Exp3",7,"51","9.WITS1",63.50969104,0.000138370946724001
"Exp3",7,"52","2.WITS19",0,0
"Exp3",7,"52","3.WITS17",0,0
"Exp3",7,"52","4.WITS11",0,0
"Exp3",7,"52","5.WITS13",0,0
"Exp3",7,"52","6.WITS20",347799.156,0.999885387899131
"Exp3",7,"52","7.WITS21",0,0
"Exp3",7,"52","8.WITS2",12.82448695,3.68690288271087e-05
"Exp3",7,"52","9.WITS1",27.04207419,7.774307204203e-05
"Exp3",7,"53","2.WITS19",0,0
"Exp3",7,"53","3.WITS17",0,0
"Exp3",7,"53","4.WITS11",0.3935682,1.06315363168045e-06
"Exp3",7,"53","5.WITS13",0,0
"Exp3",7,"53","6.WITS20",370151.8476,0.999898571706675
"Exp3",7,"53","7.WITS21",0,0
"Exp3",7,"53","8.WITS2",11.24216616,3.03686877673527e-05
"Exp3",7,"53","9.WITS1",25.91194421,6.9996451925645e-05
"Exp3",8,"54","2.WITS19",1.930145284,1.02347989025048e-06
"Exp3",8,"54","3.WITS17",0,0
"Exp3",8,"54","4.WITS11",0,0
"Exp3",8,"54","5.WITS13",127.0164587,6.73518166160393e-05
"Exp3",8,"54","6.WITS20",1882443.592,0.998185565052463
"Exp3",8,"54","7.WITS21",3177.621081,0.00168496708625976
"Exp3",8,"54","8.WITS2",12.91367939,6.84761467148042e-06
"Exp3",8,"54","9.WITS1",102.298673,5.42449500992124e-05
"Exp3",8,"55","2.WITS19",0,0
"Exp3",8,"55","3.WITS17",0,0
"Exp3",8,"55","4.WITS11",0,0
"Exp3",8,"55","5.WITS13",0,0
"Exp3",8,"55","6.WITS20",221.9514008,0.00700536965525196
"Exp3",8,"55","7.WITS21",31339.79137,0.989166198879539
"Exp3",8,"55","8.WITS2",21.86804707,0.000690213050296727
"Exp3",8,"55","9.WITS1",99.42829679,0.0031382184149119
"Exp3",8,"56","2.WITS19",0,0
"Exp3",8,"56","3.WITS17",0,0
"Exp3",8,"56","4.WITS11",0,0
"Exp3",8,"56","5.WITS13",0,0
"Exp3",8,"56","6.WITS20",36683.64632,0.428459755486774
"Exp3",8,"56","7.WITS21",48785.22283,0.569804442632888
"Exp3",8,"56","8.WITS2",23.76457216,0.000277566812418264
"Exp3",8,"56","9.WITS1",124.8504178,0.0014582350679203
"Exp3",8,"57","2.WITS19",0,0
"Exp3",8,"57","3.WITS17",0,0
"Exp3",8,"57","4.WITS11",0,0
"Exp3",8,"57","5.WITS13",0,0
"Exp3",8,"57","6.WITS20",0,0
"Exp3",8,"57","7.WITS21",32667.36605,0.996662140136599
"Exp3",8,"57","8.WITS2",14.13123114,0.000431135557400023
"Exp3",8,"57","9.WITS1",95.27303495,0.00290672430600128
"Exp3",9,"58","2.WITS19",0,0
"Exp3",9,"58","3.WITS17",0,0
"Exp3",9,"58","4.WITS11",0.006336654,3.33755176528198e-07
"Exp3",9,"58","5.WITS13",3.938038884,0.000207418751742533
"Exp3",9,"58","6.WITS20",0,0
"Exp3",9,"58","7.WITS21",10880.19407,0.573066020725434
"Exp3",9,"58","8.WITS2",8078.67245,0.425508280815592
"Exp3",9,"58","9.WITS1",23.12384236,0.00121794595205483
"Exp3",9,"59","2.WITS19",0,0
"Exp3",9,"59","3.WITS17",0,0
"Exp3",9,"59","4.WITS11",18132.59661,0.723507211274246
"Exp3",9,"59","5.WITS13",2.241196832,8.94258061717833e-05
"Exp3",9,"59","6.WITS20",0,0
"Exp3",9,"59","7.WITS21",0.380347171,1.51762004595909e-05
"Exp3",9,"59","8.WITS2",6888.267433,0.274848179119176
"Exp3",9,"59","9.WITS1",38.5957958,0.00154000759994673
"Exp3",9,"60","2.WITS19",0,0
"Exp3",9,"60","3.WITS17",0,0
"Exp3",9,"60","4.WITS11",0,0
"Exp3",9,"60","5.WITS13",2.729983361,3.03788991280913e-05
"Exp3",9,"60","6.WITS20",0,0
"Exp3",9,"60","7.WITS21",324.4226131,0.00361013256675183
"Exp3",9,"60","8.WITS2",89497.3137,0.995914445475424
"Exp3",9,"60","9.WITS1",39.99355408,0.000445043058696571
"Exp3",9,"61","2.WITS19",0,0
"Exp3",9,"61","3.WITS17",0,0
"Exp3",9,"61","4.WITS11",0,0
"Exp3",9,"61","5.WITS13",2.710815748,1.05603525737028e-05
"Exp3",9,"61","6.WITS20",0,0
"Exp3",9,"61","7.WITS21",11.98612181,4.66935727366702e-05
"Exp3",9,"61","8.WITS2",256643.3408,0.999789147064144
"Exp3",9,"61","9.WITS1",39.42847682,0.000153599010545245
"Exp3",10,"62","2.WITS19",0,0
"Exp3",10,"62","3.WITS17",0,0
"Exp3",10,"62","4.WITS11",0,0
"Exp3",10,"62","5.WITS13",0,0
"Exp3",10,"62","6.WITS20",1003.466447,0.0190765788719819
"Exp3",10,"62","7.WITS21",16474.67371,0.313194739453986
"Exp3",10,"62","8.WITS2",35112.35833,0.667509785769186
"Exp3",10,"62","9.WITS1",11.5143652,0.000218895904845938
"Exp3",10,"63","2.WITS19",0,0
"Exp3",10,"63","3.WITS17",0,0
"Exp3",10,"63","4.WITS11",0,0
"Exp3",10,"63","5.WITS13",0,0
"Exp3",10,"63","6.WITS20",509.2642526,0.0193445370544347
"Exp3",10,"63","7.WITS21",9089.888667,0.345281820276477
"Exp3",10,"63","8.WITS2",13214.47763,0.501955420714195
"Exp3",10,"63","9.WITS1",3512.367905,0.133418221954893
"Exp3",10,"64","2.WITS19",0,0
"Exp3",10,"64","3.WITS17",0,0
"Exp3",10,"64","4.WITS11",0,0
"Exp3",10,"64","5.WITS13",0,0
"Exp3",10,"64","6.WITS20",399.7084343,0.0211255902665905
"Exp3",10,"64","7.WITS21",8424.139132,0.445236818590154
"Exp3",10,"64","8.WITS2",10084.63072,0.532997951253369
"Exp3",10,"64","9.WITS1",12.10235812,0.000639639889887269
"Exp3",10,"65","2.WITS19",0,0
"Exp3",10,"65","3.WITS17",0,0
"Exp3",10,"65","4.WITS11",1.148523802,4.07401701295561e-05
"Exp3",10,"65","5.WITS13",4.663586109,0.000165425645653702
"Exp3",10,"65","6.WITS20",1010.435431,0.0358419314359767
"Exp3",10,"65","7.WITS21",13574.77806,0.481521381335173
"Exp3",10,"65","8.WITS2",13585.94963,0.481917656677157
"Exp3",10,"65","9.WITS1",14.45839216,0.000512864735909269
